<?xml version="1.0" encoding="utf-8" ?>

<component name="CategoriesScreen" extends="Group" initialFocus="CategoryList">
    <interface>

        <!-- Grid Content Nodes For Each Row -->
        <field id="content" type="node" alias="CategoryList.content" onChange="onContentChange"/>

        <!-- buttonlist content node -->
        <field id="buttonsContent" type="node" alias="SubCategoryLabelList.content" />
		    <field id = "subCategoryLinkArray" type = "stringarray" />

        <!-- Row item selection handlers -->
        <field id="CategoryListItemSelected" type="intarray" alwaysnotify="true" alias="CategoryList.rowItemSelected"/>

		    <!-- Postergrid content -->
		    <field id = "posterContent" type="node" alias="PosterGridScreen.content"/>
		
		    <!-- index of video selected -->
		    <field id = "videoSelected" type="int" alwaysnotify="true" alias="PosterGridScreen.itemSelected" />
		
        <!-- Row item focused handler 2 -->
        <field id="itemFocused" type="intarray" alias="CategoryList.rowItemFocused" />
        
        <!-- labellist item focused -->
        <field id="labelFocused" type="int" alias="SubCategoryLabelList.itemFocused" />

        <!-- labellist item focused -->
        <field id="videoFocused" type="int" alias="PosterGridScreen.itemFocused" />
        
        <!-- Row item focused handler -->
        <field id="lastItemFocus" type="intarray"/>

        <!-- Interface to focused item (Content Node) -->
        <field id="focusedContent"  type="node"/>        

		    <!-- title Accent Color -->
		    <field id="titleAccentColor" type="string" alias="titleAccent.color" />
		
		    <!-- flag for postergrid being fully loaded -->
		    <field id="posterGridDataLoaded" type="boolean" />
		
		    <!-- trigger to animate to subcategories -->
		    <field id="AnimateToSubCategoriesState" type="string" alwaysNotify="true" alias="AnimateToSubCategories.state" />
		
		    <!-- is mask currently covering the screen -->
        <field id="maskIsVisible" type="boolean" />

        <!-- mask label text -->
        <field id="ExitMaskLabelText" type="string" alias="ExitMaskLabel.text" />

        <!-- exit button clicked trigger -->
		    <field id="exitButtonClicked" type="integer" alwaysnotify="true" alias="exitDialogButtons.itemSelected" />
		
        <!-- flag to trigger exit action -->
		    <field id="exitFlag" type="boolean" alwaysnotify="true" />
    </interface>

    <!-- main handler -->
    <script type="text/brightscript" uri="pkg:/components/CategoriesScreen/CategoriesScreen.brs" />


    <children>
        <FadingBackground
            id="Background"
            width="1920"
            height="1080"
            color="0x000000"
            ShadeOpacity="0.5"
        />
            
        <PosterGrid
          id = "PosterGridScreen"
          focusBitmapUri="pkg:/images/focus_button.9.png"
          posterDisplayMode="scaleToZooom"
          useAtlas="true"
          loadingBitmapUri=""
          captionVertAlignment="bottom"
          translation = "[1125,2250]"
          basePosterSize = "[621,352]"
          caption1NumLines = "1"
          numColumns = "1"
          numRows = "3"
          itemSpacing = "[18,20]" 
          visible = "true"
        />

        <Poster
            id="playIcon"
            width="120"
            height="120"
            translation="[1365, 270]"
            uri="pkg:/images/play2.png"
            visible="false"
        />

        <Description
            id="Description"
            translation="[98, 180]"
            itemSpacings="[7,17]"
        />

        <Rectangle
            id="titleAccent"
            translation="[93, 420]"
            color="0xc90016FF"
            width="138"
            height="2"
        />
        
        <RowList
            id="CategoryList"
            focusBitmapUri="pkg:/images/focus_button.9.png"
            translation="[90, 450]"
            itemSize="[2100, 1062]"
            numRows="1"
            itemSpacing="[20, 0]"
            focusXOffset="[0]"
            vertFocusAnimationStyle="fixedFocus"
            rowFocusAnimationStyle="fixedFocusWrap"
            rowItemSize="[[591,414]]"            
            rowItemSpacing="[[22, 2]]"
            rowLabelFont="font:LargeSystemFont"
            showRowLabel="true"
            rowLabelColor="0xFFFFFFFF"
            showRowCounter="true"
            rowLabelOffset="[[0, 45]]"
        />

        <!-- subcategory buttons -->
        <LabelList
            id = "SubCategoryLabelList"
            vertFocusAnimationStyle = "floatingFocus"
            drawFocusFeedback = "false"         
            color = "0xFFFFFFFF"
            focusedColor = "0xc90016FF"
            textHorizAlign = "left"
            translation = "[300,2250]"
            itemSize = "[900, 60]"
            itemSpacing = "[0,44]"
            visible = "false">

            <ContentNode role = "content">

            </ContentNode>

        </LabelList>

        <Rectangle
            id="leftDivider"
            translation="[270,2250]"
            color="0xFFFFFFFF"
            width="1"
            height="810"
        />
        <Poster
            translation="[0, 975]"
            uri="pkg:/images/BG_dark_down.png"
            width="3000"
            height="95"
        />

        <Video
          id="VideoPlayer"
          width="1920"
          height="1080"
          translation="[0,0]"
          enableTrickPlay="true"
          visible="false"
        />

      <Rectangle
        id="ExitMask"
        translation="[1950,0]"
        width="1920"
        height="1080"
        color="0x000000"
        opacity="1"
        visible = "true"
      />

      <Label 
        id = "ExitMaskLabel"
        height = "66"
        width = "1920"
        text = "Are you sure you want to exit?"
        horizAlign = "center"
        vertAlign = "center"
        translation = "[6000,300]" 
        visible = "true"
      />

      <LabelList
        id = "exitDialogButtons"
        vertFocusAnimationStyle = "floatingFocus"
        drawFocusFeedback = "false"
        color = "0xFFFFFFFF"
        focusedColor = "0xc90016FF"
        textHorizAlign = "center"
        itemSize = "[1920, 90]"
        translation = "[6000,496]"
        itemSpacing = "[0,40]">

        <ContentNode role = "content">
          <ContentNode title = "Exit" />
          <ContentNode title = "Cancel" />
        </ContentNode>
      </LabelList>
        <!-- ==================================================================================================================== -->
        <!-- ==================================================================================================================== -->
        <Animation 
          id = "AnimateToSubCategories"
          duration = "1"
          easeFunction = "inOutCubic" >

          <Vector2DFieldInterpolator 
            id = "CategoryListVector2D"
            key = "[ 0.0, 1.0 ]" 
            keyValue = "[ [90, 450], [90,-750] ]"
            fieldToInterp = "CategoryList.translation"

          />

          <Vector2DFieldInterpolator 
            id = "SubCategoryLabelListVector2D"
            key = "[ 0.0, 1.0 ]" 
            keyValue = "[ [300,2250], [300,150] ]"
            fieldToInterp = "SubCategoryLabelList.translation"
          />
          
          <Vector2DFieldInterpolator 
            id = "leftDividerVector2D"
            key = "[ 0.0, 1.0 ]" 
            keyValue = "[ [270,2250], [270, 160] ]"
            fieldToInterp = "leftDivider.translation"
          />

          <Vector2DFieldInterpolator 
            id = "PosterGridScreenVector2D"
            key = "[ 0.0, 1.0 ]" 
            keyValue = "[ [1125,2250], [1125, 160] ]"
            fieldToInterp = "PosterGridScreen.translation"
          />
          
        </Animation>

    <!-- ================= animate back to categories =========================================== -->
        <Animation 
          id = "AnimateBackToCategories"
          duration = "1"
          easeFunction = "inOutCubic" >

          <Vector2DFieldInterpolator 
            id = "CategoryListVector2D"
            key = "[ 0.0, 1.0 ]" 
            keyValue = "[ [90,-750], [90, 450] ]"
            fieldToInterp = "CategoryList.translation"

          />

          <Vector2DFieldInterpolator 
            id = "SubCategoryLabelListVector2D"
            key = "[ 0.0, 1.0 ]" 
            keyValue = "[ [300,150], [300,2250] ]"
            fieldToInterp = "SubCategoryLabelList.translation"
          />

          <Vector2DFieldInterpolator 
            id = "leftDividerVector2D"
            key = "[ 0.0, 1.0 ]" 
            keyValue = "[ [270, 160], [270,2250] ]"
            fieldToInterp = "leftDivider.translation"
          />
          
          <Vector2DFieldInterpolator 
            id = "PosterGridScreenVector2D"
            key = "[ 0.0, 1.0 ]" 
            keyValue = "[ [1125, 160], [1125,2250] ]"
            fieldToInterp = "PosterGridScreen.translation"
          />
          
        </Animation>

<!-- ==================================================================================================================== -->
<!-- ==================================================================================================================== -->

      <Animation 
        id = "AnimateToShowExitMask"
        duration = "1"
        easeFunction = "inOutCubic" >

        <Vector2DFieldInterpolator 
          id = "ExitMaskVector2D"
          key = "[ 0.0, 1.0 ]" 
          keyValue = "[ [1950,0], [0,0] ]"
          fieldToInterp = "ExitMask.translation"

        />

        <Vector2DFieldInterpolator 
          id = "ExitMaskLabelVector2D"
          key = "[ 0.0, 1.0 ]" 
          keyValue = "[ [6000,300], [0,300] ]"
          fieldToInterp = "ExitMaskLabel.translation"
        />
        
        <Vector2DFieldInterpolator
        	id = "exitDialogButtonsVector2D"
          	key = "[ 0.0, 1.0 ]" 
          	keyValue = "[ [6000,496], [0,496] ]"
        	fieldToInterp = "exitDialogButtons.translation"
        />
        
      </Animation>

      <Animation 
        id = "AnimateToHideExitMask"
        duration = "1"
        easeFunction = "inOutCubic" >

        <Vector2DFieldInterpolator 
          id = "ExitMaskVector2D"
          key = "[ 0.0, 1.0 ]" 
          keyValue = "[ [0,0],[1950,0] ]"
          fieldToInterp = "ExitMask.translation"

        />

      <Vector2DFieldInterpolator 
        id = "ExitMaskLabelVector2D"
        key = "[ 0.0, 1.0 ]" 
        keyValue = "[ [0,300], [6000,300] ]"
        fieldToInterp = "ExitMaskLabel.translation"
      />
      
        <Vector2DFieldInterpolator
        	id = "exitDialogButtonsVector2D"
          	key = "[ 0.0, 1.0 ]" 
          	keyValue = "[ [0,496], [6000,496] ]"
        	fieldToInterp = "exitDialogButtons.translation"
        />
             
    </Animation>

    </children>
</component>
