<?xml version="1.0" encoding="utf-8" ?>

<component name="GridScreen" extends="Group" initialFocus="CategoryList">
    <interface>

        <!-- Grid Content Nodes For Each Row -->
        <field id="content" type="node" alias="CategoryList.content" onChange="onContentChange"/>

        <!-- Row item selection handlers -->
        <field id="CategoryListItemSelected" type="intarray" alwaysnotify="true" alias="CategoryList.rowItemSelected"/>

        <!-- Row item focused handler 2 -->
        <field id="itemFocused" type="intarray" alias="CategoryList.rowItemFocused" />

        <!-- Row item focused handler -->
        <field id="lastItemFocus" type="intarray"/>

        <!-- Interface to focused item (Content Node) -->
        <field id="focusedContent"  type="node"/>

        <!-- loaded flag until I figure out how to detect loaded list -->
        <field id="isLoaded" type="boolean"/>
        

        <!-- secondaryColor settings -->
        <field id="CategoryListLabelColor" type="string" alias="CategoryList.rowLabelColor"/>

        <!-- global font -->
        <field id="font" type="string" />

    </interface>

    <!-- main handler -->
    <script type="text/brightscript" uri="pkg:/components/GridScreen/GridScreen.brs" />



    <children>
        <FadingBackground
            id="Background"
            width="1280"
            height="720"
            color="0x000000"
            ShadeOpacity="0.72"
        />

        <RowList
            id="CategoryList"
            focusBitmapUri="pkg:/images/focus_button.9.png"
            translation="[20, 350]"
            itemSize="[1400, 708]"
            numRows="1"
            itemSpacing="[20, 0]"
            focusXOffset="[0]"
            vertFocusAnimationStyle="fixedFocus"
            rowFocusAnimationStyle="fixedFocusWrap"
            rowItemSize="[[394,276]]"            
            rowItemSpacing="[[22, 2]]"
            rowLabelFont="font:LargeSystemFont"
            showRowLabel="true"
            rowLabelColor="0xFFFFFFFF"
            showRowCounter="true"
            rowLabelOffset="[[0, 40]]"
        />

        <Poster
            translation="[0, 650]"
            uri="pkg:/images/BG_dark_down.png"
            width="2000"
            height="95"
        />

        <Description
            id="Description"
            translation="[65, 120]"
            itemSpacings="[7,17]"
        />

    </children>
</component>
